{
    "gen": [
        0,
        1,
        2,
        3,
        4,
        5,
        6,
        7,
        8,
        9,
        10,
        11,
        12,
        13,
        14,
        15,
        16,
        17,
        18,
        19,
        20,
        21,
        22,
        23,
        24,
        25,
        26,
        27,
        28,
        29,
        30,
        31,
        32,
        33,
        34,
        35,
        36,
        37,
        38,
        39,
        40,
        41,
        42,
        43,
        44,
        45,
        46,
        47,
        48,
        49,
        50,
        51,
        52,
        53,
        54,
        55,
        56,
        57,
        58,
        59,
        60,
        61,
        62,
        63,
        64,
        65,
        66,
        67,
        68,
        69,
        70,
        71,
        72,
        73,
        74,
        75,
        76,
        77,
        78,
        79,
        80,
        81,
        82,
        83,
        84,
        85,
        86,
        87,
        88,
        89,
        90,
        91,
        92,
        93,
        94,
        95,
        96,
        97,
        98,
        99
    ],
    "avg": [
        79979.21924457196,
        55915.547991619176,
        54823.14948173342,
        49252.42084607539,
        32783.66722671921,
        13992.283705331169,
        11247.510512102917,
        7827.4520056353485,
        12586.480768578916,
        4641.2438196079975,
        5549.384823365169,
        3824.0809004038033,
        1760.549261621608,
        1710.195268627753,
        1515.9723708416211,
        1896.928349173786,
        1345.9797678463465,
        1033.254527409294,
        1008.7196806004358,
        455.4222183036652,
        301.2807838914929,
        0.20290376232181184,
        168.52329461267848,
        0.20290376232508006,
        128.18063961288527,
        42.07317010748443,
        0.2029037623065307,
        0.20290376230853877,
        0.2029037623189227,
        0.20290376231934995,
        0.2029037623284157,
        0.20290376233278404,
        0.20290376233616378,
        0.20290376232290983,
        0.20290376232261284,
        0.20290376231934995,
        0.20290376232939406,
        0.29180074807865447,
        211.67811936486706,
        601.1075649359049,
        169.5360327157536,
        42.10627513506899,
        496.8258323643164,
        126.4517600371223,
        0.2029037623261117,
        0.202903762332736,
        0.20290376231934995,
        84.49797354339715,
        759.498068193064,
        42.07317010747514,
        0.20290376231934995,
        0.20290376233403976,
        0.20290376232715335,
        0.20290376232421928,
        0.20290376233437166,
        0.20290376232089738,
        0.20290376230738658,
        0.202903762335587,
        0.2029037623345078,
        0.20290376231602092,
        0.20290376231745558,
        0.20290376231934995,
        0.20290376229436421,
        0.20290376234712418,
        0.20290376233002427,
        0.2029037623159956,
        206.21241029414566,
        716.8599357179867,
        42.106275135050616,
        0.20290376232325524,
        125.7632026909813,
        42.073170107475335,
        0.20290376233488028,
        0.20290376229624194,
        0.20290376234286453,
        0.20290376231934995,
        0.20290376231748358,
        0.20290376233995935,
        0.20290376231778884,
        0.2029037623402943,
        0.20290376229779494,
        0.20290376230948215,
        0.20290376231098756,
        0.2029037623368416,
        0.20290376232356755,
        0.20290376232573407,
        206.21241029404777,
        84.53148504331017,
        0.2029037623307709,
        0.20290376231337362,
        0.2029037623318938,
        328.3990318050462,
        0.20290376231934995,
        289.1846546207145,
        247.63761138351853,
        165.9624410838505,
        0.20290376231847365,
        42.073170107470204,
        0.20290376234020757,
        0.20290376230006085
    ],
    "std": [
        121266.58873841028,
        72921.55197917853,
        78066.46725375636,
        57280.58953621668,
        38536.70215249418,
        24457.376258167977,
        21391.014502935872,
        8589.055250993168,
        16376.053555821905,
        6900.703204385684,
        10231.52428684247,
        5449.1531941911235,
        2143.7985950940947,
        2297.7025950243365,
        2233.312364658528,
        3079.356695037932,
        1462.2764919618755,
        1415.6252641171204,
        1195.3947469766017,
        511.8087294543845,
        473.69910964244167,
        2.5880601260797093e-10,
        382.14692612341565,
        2.516464571507515e-10,
        342.3696483124171,
        204.11551415150475,
        2.636861107712196e-10,
        2.6132857740400537e-10,
        2.5515302409135014e-10,
        2.5486265959011556e-10,
        2.5069509836834696e-10,
        2.5230530911314345e-10,
        2.559667264817884e-10,
        2.5604108391282515e-10,
        2.6493510646725636e-10,
        2.5486265959011556e-10,
        2.529776775922051e-10,
        0.00264931684741057,
        419.86996175120356,
        1180.608467609162,
        384.45791238174644,
        204.84560290476546,
        1132.201987308198,
        340.45101560057617,
        2.5282972735457645e-10,
        2.543000238434845e-10,
        2.5486265959011556e-10,
        280.60436423611924,
        2284.893519195241,
        204.11551415146036,
        2.5486265959011556e-10,
        2.578049439435596e-10,
        2.520500756837204e-10,
        2.52757096476061e-10,
        2.6076957046456166e-10,
        2.537008488333352e-10,
        2.690984042415968e-10,
        2.565556656020392e-10,
        2.535168518307979e-10,
        2.5756690848823205e-10,
        2.86009813833381e-10,
        2.5486265959011556e-10,
        2.9723075052085717e-10,
        2.722618032155219e-10,
        2.5246818312631715e-10,
        2.575913478089923e-10,
        818.5851900771817,
        2592.091800302346,
        204.84560290472038,
        2.547411292639059e-10,
        337.3136231964289,
        204.11551415146153,
        2.5596816246629387e-10,
        2.8024417792701566e-10,
        2.776098439445353e-10,
        2.5486265959011556e-10,
        2.5856604950496384e-10,
        2.579036745027455e-10,
        2.5600500211044963e-10,
        2.5572873326084413e-10,
        2.7265083678761127e-10,
        2.8379248199145397e-10,
        2.7875153496899325e-10,
        2.5648116596375237e-10,
        2.667598826012892e-10,
        2.5255840230217435e-10,
        818.5851900766643,
        280.7179822478818,
        2.582018548025433e-10,
        2.61196754193189e-10,
        2.5357827908469255e-10,
        1109.6693700157107,
        2.5486265959011556e-10,
        845.4598684322905,
        833.23432981743,
        805.0674700345853,
        2.5547633222068244e-10,
        204.11551415143336,
        2.67882319158532e-10,
        2.702342319512487e-10
    ],